{"cameraMode":{"drawMode":0,"name":"Shaded","section":"Shading Mode"},"sceneLighting":true,"audioPlay":false,"sceneViewState":{"m_AlwaysRefresh":false,"showFog":true,"showSkybox":true,"showFlares":true,"showImageEffects":true,"showParticleSystems":true,"showVisualEffectGraphs":true,"m_FxEnabled":false},"in2DMode":false,"pivot":{"x":-5.6287078857421879,"y":5.745604515075684,"z":-4.8886542320251469},"rotation":{"x":0.17363175749778748,"y":0.44766154885292055,"z":-0.0873868316411972,"w":0.8730442523956299},"size":0.4899468421936035,"orthographic":false}